### CONFIGURAZIONE
INSERT INTO `gs_configurazione` (`id`, `modificato`, `categoria`, `parametro`, `valore`) VALUES
(1, '2017-08-21 10:00:00', 'ACCESSO', 'ora_blocco_inizio', null),
(2, '2017-08-21 10:00:00', 'ACCESSO', 'ora_blocco_fine', null),
(3, '2017-08-21 10:00:00', 'ACCESSO', 'ip_scuola', '127.0.0.1'),
(4, '2017-08-21 10:00:00', 'ACCESSO', 'giorni_festivi', '0'),
(5, '2017-08-21 10:00:00', 'SCUOLA', 'anno_scolastico', 'A.S. 2017-2018'),
(6, '2017-08-21 10:00:00', 'SCUOLA', 'anno_inizio', '2017-09-11'),
(7, '2017-08-21 10:00:00', 'SCUOLA', 'anno_fine', '2018-06-10'),
(8, '2017-08-21 10:00:00', 'SCUOLA', 'periodo1_fine', '2017-12-15'),
(9, '2017-08-21 10:00:00', 'SCUOLA', 'periodo2_fine', '2018-06-10'),
(10, '2017-08-21 10:00:00', 'SCUOLA', 'periodo3', 'false'),
(11, '2017-08-21 10:00:00', 'SCUOLA', 'ritardo_breve', '10'),
(12, '2017-08-21 10:00:00', 'SISTEMA', 'versione', '1.0'),
(13, '2017-08-21 10:00:00', 'SISTEMA', 'sola_lettura', 'false'),
(14, '0000-00-00 00:00:00', 'SISTEMA', 'manutenzione', ''),
(15, '2017-10-01 00:00:00', 'SCUOLA', 'periodo1_nome', 'Primo Trimestre'),
(16, '2017-10-01 00:00:00', 'SCUOLA', 'periodo2_nome', 'Secondo Pentamestre'),
(17, '2017-10-01 00:00:00', 'SCUOLA', 'periodo3_nome', 'false');


### SEDI SCOLASTICHE
INSERT INTO `gs_sede` (`id`, `modificato`, `nome`, `nome_breve`, `citta`, `indirizzo`, `telefono`, `email`, `pec`, `web`, `principale`) VALUES
(1, '2017-08-21 10:00:00', 'Istituto di Istruzione Superiore "NOME"', 'I.I.S. NOME', 'Città', 'Via delle Rose', '00551122', 'NOME@istruzione.it', 'NOME@pec.istruzione.it', 'http://www.istituto.gov.it', 1),
(2, '2017-08-21 10:00:00', 'Istituto di Istruzione Superiore "NOME" - Sede staccata', 'I.I.S. NOME - Altra Città', 'Altra Città', 'Via dei Tigli', '00661122', NULL, NULL, NULL, 0);


### CORSI
INSERT INTO `gs_corso` (`id`, `modificato`, `nome`, `nome_breve`) VALUES
(1, '2017-08-21 10:00:00', 'Istituto Tecnico Informatica e Telecomunicazioni', 'Ist. Tecnico Inf. Telecom.'),
(2, '2017-08-21 10:00:00', 'Istituto Tecnico Chimica Materiali e Biotecnologie', 'Ist. Tecnico Chim. Mat. Biotecn.'),
(3, '2017-08-21 10:00:00', 'Istituto Tecnico Articolazione Informatica', 'Ist. Tecn. Art. Informatica'),
(4, '2017-08-21 10:00:00', 'Istituto Tecnico Articolazione Chimica e Materiali', 'Ist. Tecn. Art. Chimica Mat.'),
(5, '2017-08-21 10:00:00', 'Istituto Tecnico Articolazione Biotecnologie Ambientali', 'Ist. Tecn. Art.  Biotecn. Amb.'),
(6, '2017-08-21 10:00:00', 'Liceo Scientifico Opzione Scienze Applicate', 'Liceo Scienze Applicate');


### CLASSI
INSERT INTO `gs_classe` (`id`, `sede_id`, `corso_id`, `coordinatore_id`, `segretario_id`, `modificato`, `anno`, `sezione`, `ore_settimanali`) VALUES
(1, 1, 1, NULL, NULL, '2017-08-21 10:00:00', 1, 'A', 33),
(5, 1, 2, NULL, NULL, '2017-08-21 10:00:00', 1, 'E', 33),
(8, 1, 6, NULL, NULL, '2017-08-21 10:00:00', 1, 'I', 27),
(11, 1, 1, NULL, NULL, '2017-08-21 10:00:00', 2, 'A', 32),
(15, 1, 2, NULL, NULL, '2017-08-21 10:00:00', 2, 'E', 32),
(16, 1, 6, NULL, NULL, '2017-08-21 10:00:00', 2, 'I', 27),
(18, 1, 3, NULL, NULL, '2017-08-21 10:00:00', 3, 'A', 32),
(21, 1, 4, NULL, NULL, '2017-08-21 10:00:00', 3, 'E', 32),
(23, 1, 6, NULL, NULL, '2017-08-21 10:00:00', 3, 'I', 30),
(25, 1, 3, NULL, NULL, '2017-08-21 10:00:00', 4, 'A', 32),
(29, 1, 4, NULL, NULL, '2017-08-21 10:00:00', 4, 'E', 32),
(31, 1, 6, NULL, NULL, '2017-08-21 10:00:00', 4, 'I', 30),
(33, 1, 3, NULL, NULL, '2017-08-21 10:00:00', 5, 'A', 32),
(35, 1, 4, NULL, NULL, '2017-08-21 10:00:00', 5, 'E', 32),
(37, 1, 6, NULL, NULL, '2017-08-21 10:00:00', 5, 'I', 30),
(39, 2, 1, NULL, NULL, '2017-08-21 10:00:00', 1, 'B', 33),
(44, 2, 1, NULL, NULL, '2017-08-21 10:00:00', 2, 'B', 32),
(48, 2, 3, NULL, NULL, '2017-08-21 10:00:00', 3, 'B', 32),
(51, 2, 3, NULL, NULL, '2017-08-21 10:00:00', 4, 'B', 32),
(54, 2, 3, NULL, NULL, '2017-08-21 10:00:00', 5, 'B', 32);


### MATERIE
INSERT INTO `gs_materia` (`id`, `modificato`, `nome`, `nome_breve`, `tipo`, `valutazione`, `media`, `ordinamento`) VALUES
(1, '2017-08-21 10:00:00', 'Biologia, microbiologia e tecnologie di controllo ambientale', 'Biologia', 'N', 'N', 1, 180),
(2, '2017-08-21 10:00:00', 'Chimica analitica e strumentale', 'Chimica anal.', 'N', 'N', 1, 150),
(3, '2017-08-21 10:00:00', 'Chimica organica e biochimica', 'Chimica org.', 'N', 'N', 1, 160),
(4, '2017-08-21 10:00:00', 'Matematica e Complementi di matematica', 'Matem. compl.', 'N', 'N', 1, 60),
(5, '2017-08-21 10:00:00', 'Diritto ed economia', 'Diritto', 'N', 'N', 1, 40),
(6, '2017-08-21 10:00:00', 'Disegno e storia dell''arte', 'Disegno', 'N', 'N', 1, 140),
(7, '2017-08-21 10:00:00', 'Filosofia', 'Filosofia', 'N', 'N', 1, 40),
(8, '2017-08-21 10:00:00', 'Fisica', 'Fisica', 'N', 'N', 1, 110),
(9, '2017-08-21 10:00:00', 'Fisica ambientale', 'Fisica amb.', 'N', 'N', 1, 190),
(10, '2017-08-21 10:00:00', 'Geografia generale ed economica', 'Geografia', 'N', 'N', 1, 100),
(11, '2017-08-21 10:00:00', 'Gestione progetto, organizzazione d''impresa', 'Gestione prog.', 'N', 'N', 1, 220),
(12, '2017-08-21 10:00:00', 'Informatica', 'Informatica', 'N', 'N', 1, 70),
(13, '2017-08-21 10:00:00', 'Lingua e cultura straniera (Inglese)', 'Inglese', 'N', 'N', 1, 50),
(14, '2017-08-21 10:00:00', 'Lingua e letteratura italiana', 'Italiano', 'N', 'N', 1, 20),
(15, '2017-08-21 10:00:00', 'Lingua straniera (Inglese)', 'Inglese', 'N', 'N', 1, 50),
(16, '2017-08-21 10:00:00', 'Matematica', 'Matematica', 'N', 'N', 1, 60),
(17, '2017-08-21 10:00:00', 'Religione Cattolica o attività alternative', 'Religione', 'R', 'G', 0, 10),
(18, '2017-08-21 10:00:00', 'Scienze e tecnologie applicate (Informatica)', 'Sc. tecn. appl.', 'N', 'N', 1, 80),
(19, '2017-08-21 10:00:00', 'Scienze integrate (Chimica)', 'Chimica', 'N', 'N', 1, 130),
(20, '2017-08-21 10:00:00', 'Scienze integrate (Fisica)', 'Fisica', 'N', 'N', 1, 110),
(21, '2017-08-21 10:00:00', 'Scienze integrate (Scienze della Terra e Biologia)', 'Sc. Terra', 'N', 'N', 1, 90),
(22, '2017-08-21 10:00:00', 'Scienze motorie e sportive', 'Sc. motorie', 'N', 'N', 1, 900),
(23, '2017-08-21 10:00:00', 'Scienze naturali (Biologia, Chimica, Scienze della Terra)', 'Sc. naturali', 'N', 'N', 1, 120),
(24, '2017-08-21 10:00:00', 'Sistemi e reti', 'Sistemi', 'N', 'N', 1, 200),
(25, '2017-08-21 10:00:00', 'Storia', 'Storia', 'N', 'N', 1, 30),
(26, '2017-08-21 10:00:00', 'Storia e geografia', 'Geostoria', 'N', 'N', 1, 30),
(27, '2017-08-21 10:00:00', 'Tecnologie chimiche industriali', 'Tecn. chim.', 'N', 'N', 1, 170),
(28, '2017-08-21 10:00:00', 'Tecnologie e progettazione di sistemi informatici e di telecomunicazioni', 'Tecn. prog. sis.', 'N', 'N', 1, 210),
(29, '2017-08-21 10:00:00', 'Tecnologie e tecniche di rappresentazione grafica', 'Tecn. graf.', 'N', 'N', 1, 140),
(30, '2017-08-21 10:00:00', 'Tecnologie informatiche', 'Tecn. inf.', 'N', 'N', 1, 70),
(31, '2017-08-21 10:00:00', 'Telecomunicazioni', 'Telecom.', 'N', 'N', 1, 220),
(32, '2017-08-21 10:00:00', 'Scienze e tecnologie applicate (Chimica)', 'Sc. tecn. appl.', 'N', 'N', 1, 80),
(33, '2017-08-21 10:00:00', 'Sostegno', 'Sostegno', 'S', 'A', 0, 0),
(34, '2017-08-21 10:00:00', 'Condotta', 'Condotta', 'C', 'N', 1, 990),
(35, '2017-08-21 10:00:00', 'Supplenza', 'Supplenza', 'U', 'A', 0, 0);


### FESTIVITÀ
INSERT INTO `gs_festivita` (`id`, `sede_id`, `modificato`, `data`, `descrizione`, `tipo`) VALUES
(1, NULL, '2017-08-21 10:00:00', '2017-11-01', 'Festa di Tutti i Santi', 'F'),
(2, NULL, '2017-08-21 10:00:00', '2017-11-02', 'Commemorazione dei defunti', 'F'),
(3, NULL, '2017-08-21 10:00:00', '2017-12-08', 'Immacolata Concezione', 'F'),
(4, NULL, '2017-08-21 10:00:00', '2017-12-23', 'Vacanze di Natale', 'F'),
(5, NULL, '2017-08-21 10:00:00', '2017-12-24', 'Vacanze di Natale', 'F'),
(6, NULL, '2017-08-21 10:00:00', '2017-12-25', 'Vacanze di Natale', 'F'),
(7, NULL, '2017-08-21 10:00:00', '2017-12-26', 'Vacanze di Natale', 'F'),
(8, NULL, '2017-08-21 10:00:00', '2017-12-27', 'Vacanze di Natale', 'F'),
(9, NULL, '2017-08-21 10:00:00', '2017-12-28', 'Vacanze di Natale', 'F'),
(10, NULL, '2017-08-21 10:00:00', '2017-12-29', 'Vacanze di Natale', 'F'),
(11, NULL, '2017-08-21 10:00:00', '2017-12-30', 'Vacanze di Natale', 'F'),
(12, NULL, '2017-08-21 10:00:00', '2017-12-31', 'Vacanze di Natale', 'F'),
(13, NULL, '2017-08-21 10:00:00', '2018-01-01', 'Vacanze di Natale', 'F'),
(14, NULL, '2017-08-21 10:00:00', '2018-01-02', 'Vacanze di Natale', 'F'),
(15, NULL, '2017-08-21 10:00:00', '2018-01-03', 'Vacanze di Natale', 'F'),
(16, NULL, '2017-08-21 10:00:00', '2018-01-04', 'Vacanze di Natale', 'F'),
(17, NULL, '2017-08-21 10:00:00', '2018-01-05', 'Vacanze di Natale', 'F'),
(18, NULL, '2017-08-21 10:00:00', '2018-01-06', 'Vacanze di Natale', 'F'),
(19, NULL, '2017-08-21 10:00:00', '2018-02-13', 'Martedì grasso', 'F'),
(20, NULL, '2017-08-21 10:00:00', '2018-03-29', 'Vacanze di Pasqua', 'F'),
(21, NULL, '2017-08-21 10:00:00', '2018-03-30', 'Vacanze di Pasqua', 'F'),
(22, NULL, '2017-08-21 10:00:00', '2018-03-31', 'Vacanze di Pasqua', 'F'),
(23, NULL, '2017-08-21 10:00:00', '2018-04-01', 'Vacanze di Pasqua', 'F'),
(24, NULL, '2017-08-21 10:00:00', '2018-04-02', 'Vacanze di Pasqua', 'F'),
(25, NULL, '2017-08-21 10:00:00', '2018-04-03', 'Vacanze di Pasqua', 'F'),
(26, NULL, '2017-08-21 10:00:00', '2018-04-25', 'Anniversario della Liberazione', 'F'),
(28, NULL, '2017-08-21 10:00:00', '2018-05-01', 'Festa del Lavoro', 'F'),
(29, NULL, '2017-08-21 10:00:00', '2018-06-02', 'Festa Nazionale della Repubblica', 'F'),
(30, 1, '2017-11-02 20:03:05', '2017-10-30', 'Santo Patrono', 'F'),
(31, 1, '2017-11-02 20:03:05', '2017-10-31', 'Giorno festivo scelto dall''Istituto', 'F');


### ORARIO
INSERT INTO `gs_orario` (`id`, `sede_id`, `modificato`, `nome`, `inizio`, `fine`) VALUES
(1, 1, '2017-08-21 10:00:00', 'Orario Provvisorio - Sede 1', '2017-09-11', '2017-09-24'),
(2, 2, '2017-08-21 10:00:00', 'Orario Provvisorio - Sede 2', '2017-09-11', '2017-09-24'),
(5, 1, '2017-08-21 10:00:00', 'Orario Definitivo - Sede 1', '2017-09-25', '2018-06-30'),
(6, 2, '2017-08-21 10:00:00', 'Orario Definitivo - Sede 2', '2017-09-25', '2018-06-30');


### SCANSIONE ORARIA
INSERT INTO `gs_scansione_oraria` (`id`, `orario_id`, `modificato`, `giorno`, `ora`, `inizio`, `fine`, `durata`) VALUES
(1, 1, '2017-08-21 10:00:00', 1, 1, '08:30:00', '09:30:00', 60),
(2, 1, '2017-08-21 10:00:00', 1, 2, '09:30:00', '10:30:00', 60),
(3, 1, '2017-08-21 10:00:00', 1, 3, '10:30:00', '11:30:00', 60),
(4, 1, '2017-08-21 10:00:00', 1, 4, '11:30:00', '12:30:00', 60),
(5, 1, '2017-08-21 10:00:00', 2, 1, '08:30:00', '09:30:00', 60),
(6, 1, '2017-08-21 10:00:00', 2, 2, '09:30:00', '10:30:00', 60),
(7, 1, '2017-08-21 10:00:00', 2, 3, '10:30:00', '11:30:00', 60),
(8, 1, '2017-08-21 10:00:00', 2, 4, '11:30:00', '12:30:00', 60),
(9, 1, '2017-08-21 10:00:00', 3, 1, '08:30:00', '09:30:00', 60),
(10, 1, '2017-08-21 10:00:00', 3, 2, '09:30:00', '10:30:00', 60),
(11, 1, '2017-08-21 10:00:00', 3, 3, '10:30:00', '11:30:00', 60),
(12, 1, '2017-08-21 10:00:00', 3, 4, '11:30:00', '12:30:00', 60),
(13, 1, '2017-08-21 10:00:00', 4, 1, '08:30:00', '09:30:00', 60),
(14, 1, '2017-08-21 10:00:00', 4, 2, '09:30:00', '10:30:00', 60),
(15, 1, '2017-08-21 10:00:00', 4, 3, '10:30:00', '11:30:00', 60),
(16, 1, '2017-08-21 10:00:00', 4, 4, '11:30:00', '12:30:00', 60),
(17, 1, '2017-08-21 10:00:00', 5, 1, '08:30:00', '09:30:00', 60),
(18, 1, '2017-08-21 10:00:00', 5, 2, '09:30:00', '10:30:00', 60),
(19, 1, '2017-08-21 10:00:00', 5, 3, '10:30:00', '11:30:00', 60),
(20, 1, '2017-08-21 10:00:00', 5, 4, '11:30:00', '12:30:00', 60),
(21, 1, '2017-08-21 10:00:00', 6, 1, '08:30:00', '09:30:00', 60),
(22, 1, '2017-08-21 10:00:00', 6, 2, '09:30:00', '10:30:00', 60),
(23, 1, '2017-08-21 10:00:00', 6, 3, '10:30:00', '11:30:00', 60),
(24, 1, '2017-08-21 10:00:00', 6, 4, '11:30:00', '12:30:00', 60),
(25, 2, '2017-08-21 10:00:00', 1, 1, '08:30:00', '09:30:00', 60),
(26, 2, '2017-08-21 10:00:00', 1, 2, '09:30:00', '10:30:00', 60),
(27, 2, '2017-08-21 10:00:00', 1, 3, '10:30:00', '11:30:00', 60),
(28, 2, '2017-08-21 10:00:00', 1, 4, '11:30:00', '12:30:00', 60),
(29, 2, '2017-08-21 10:00:00', 2, 1, '08:30:00', '09:30:00', 60),
(30, 2, '2017-08-21 10:00:00', 2, 2, '09:30:00', '10:30:00', 60),
(31, 2, '2017-08-21 10:00:00', 2, 3, '10:30:00', '11:30:00', 60),
(32, 2, '2017-08-21 10:00:00', 2, 4, '11:30:00', '12:30:00', 60),
(33, 2, '2017-08-21 10:00:00', 3, 1, '08:30:00', '09:30:00', 60),
(34, 2, '2017-08-21 10:00:00', 3, 2, '09:30:00', '10:30:00', 60),
(35, 2, '2017-08-21 10:00:00', 3, 3, '10:30:00', '11:30:00', 60),
(36, 2, '2017-08-21 10:00:00', 3, 4, '11:30:00', '12:30:00', 60),
(37, 2, '2017-08-21 10:00:00', 4, 1, '08:30:00', '09:30:00', 60),
(38, 2, '2017-08-21 10:00:00', 4, 2, '09:30:00', '10:30:00', 60),
(39, 2, '2017-08-21 10:00:00', 4, 3, '10:30:00', '11:30:00', 60),
(40, 2, '2017-08-21 10:00:00', 4, 4, '11:30:00', '12:30:00', 60),
(41, 2, '2017-08-21 10:00:00', 5, 1, '08:30:00', '09:30:00', 60),
(42, 2, '2017-08-21 10:00:00', 5, 2, '09:30:00', '10:30:00', 60),
(43, 2, '2017-08-21 10:00:00', 5, 3, '10:30:00', '11:30:00', 60),
(44, 2, '2017-08-21 10:00:00', 5, 4, '11:30:00', '12:30:00', 60),
(45, 2, '2017-08-21 10:00:00', 6, 1, '08:30:00', '09:30:00', 60),
(46, 2, '2017-08-21 10:00:00', 6, 2, '09:30:00', '10:30:00', 60),
(47, 2, '2017-08-21 10:00:00', 6, 3, '10:30:00', '11:30:00', 60),
(48, 2, '2017-08-21 10:00:00', 6, 4, '11:30:00', '12:30:00', 60),
(103, 5, '2017-08-21 10:00:00', 1, 1, '08:20:00', '09:20:00', 60),
(104, 5, '2017-08-21 10:00:00', 1, 2, '09:20:00', '10:20:00', 60),
(105, 5, '2017-08-21 10:00:00', 1, 3, '10:20:00', '11:20:00', 60),
(106, 5, '2017-08-21 10:00:00', 1, 4, '11:20:00', '12:20:00', 60),
(107, 5, '2017-08-21 10:00:00', 1, 5, '12:20:00', '13:20:00', 60),
(108, 5, '2017-08-21 10:00:00', 1, 6, '13:20:00', '13:50:00', 30),
(109, 5, '2017-08-21 10:00:00', 2, 1, '08:20:00', '09:20:00', 60),
(110, 5, '2017-08-21 10:00:00', 2, 2, '09:20:00', '10:20:00', 60),
(111, 5, '2017-08-21 10:00:00', 2, 3, '10:20:00', '11:20:00', 60),
(112, 5, '2017-08-21 10:00:00', 2, 4, '11:20:00', '12:20:00', 60),
(113, 5, '2017-08-21 10:00:00', 2, 5, '12:20:00', '13:20:00', 60),
(114, 5, '2017-08-21 10:00:00', 2, 6, '13:20:00', '13:50:00', 30),
(115, 5, '2017-08-21 10:00:00', 3, 1, '08:20:00', '09:20:00', 60),
(116, 5, '2017-08-21 10:00:00', 3, 2, '09:20:00', '10:20:00', 60),
(117, 5, '2017-08-21 10:00:00', 3, 3, '10:20:00', '11:20:00', 60),
(118, 5, '2017-08-21 10:00:00', 3, 4, '11:20:00', '12:20:00', 60),
(119, 5, '2017-08-21 10:00:00', 3, 5, '12:20:00', '13:20:00', 60),
(120, 5, '2017-08-21 10:00:00', 3, 6, '13:20:00', '13:50:00', 30),
(121, 5, '2017-08-21 10:00:00', 4, 1, '08:20:00', '09:20:00', 60),
(122, 5, '2017-08-21 10:00:00', 4, 2, '09:20:00', '10:20:00', 60),
(123, 5, '2017-08-21 10:00:00', 4, 3, '10:20:00', '11:20:00', 60),
(124, 5, '2017-08-21 10:00:00', 4, 4, '11:20:00', '12:20:00', 60),
(125, 5, '2017-08-21 10:00:00', 4, 5, '12:20:00', '13:20:00', 60),
(126, 5, '2017-08-21 10:00:00', 4, 6, '13:20:00', '13:50:00', 30),
(127, 5, '2017-08-21 10:00:00', 5, 1, '08:20:00', '09:20:00', 60),
(128, 5, '2017-08-21 10:00:00', 5, 2, '09:20:00', '10:20:00', 60),
(129, 5, '2017-08-21 10:00:00', 5, 3, '10:20:00', '11:20:00', 60),
(130, 5, '2017-08-21 10:00:00', 5, 4, '11:20:00', '12:20:00', 60),
(131, 5, '2017-08-21 10:00:00', 5, 5, '12:20:00', '13:20:00', 60),
(132, 5, '2017-08-21 10:00:00', 5, 6, '13:20:00', '13:50:00', 30),
(133, 5, '2017-08-21 10:00:00', 6, 1, '08:20:00', '09:20:00', 60),
(134, 5, '2017-08-21 10:00:00', 6, 2, '09:20:00', '10:20:00', 60),
(135, 5, '2017-08-21 10:00:00', 6, 3, '10:20:00', '11:20:00', 60),
(136, 5, '2017-08-21 10:00:00', 6, 4, '11:20:00', '12:20:00', 60),
(137, 5, '2017-08-21 10:00:00', 6, 5, '12:20:00', '13:20:00', 60),
(138, 5, '2017-08-21 10:00:00', 6, 6, '13:20:00', '13:50:00', 30),
(139, 6, '2017-08-21 10:00:00', 1, 1, '08:20:00', '08:50:00', 30),
(140, 6, '2017-08-21 10:00:00', 1, 2, '08:50:00', '09:50:00', 60),
(141, 6, '2017-08-21 10:00:00', 1, 3, '09:50:00', '10:50:00', 60),
(142, 6, '2017-08-21 10:00:00', 1, 4, '10:50:00', '11:50:00', 60),
(143, 6, '2017-08-21 10:00:00', 1, 5, '11:50:00', '12:50:00', 60),
(144, 6, '2017-08-21 10:00:00', 1, 6, '12:50:00', '13:50:00', 60),
(145, 6, '2017-08-21 10:00:00', 2, 1, '08:20:00', '08:50:00', 30),
(146, 6, '2017-08-21 10:00:00', 2, 2, '08:50:00', '09:50:00', 60),
(147, 6, '2017-08-21 10:00:00', 2, 3, '09:50:00', '10:50:00', 60),
(148, 6, '2017-08-21 10:00:00', 2, 4, '10:50:00', '11:50:00', 60),
(149, 6, '2017-08-21 10:00:00', 2, 5, '11:50:00', '12:50:00', 60),
(150, 6, '2017-08-21 10:00:00', 2, 6, '12:50:00', '13:50:00', 60),
(151, 6, '2017-08-21 10:00:00', 3, 1, '08:20:00', '08:50:00', 30),
(152, 6, '2017-08-21 10:00:00', 3, 2, '08:50:00', '09:50:00', 60),
(153, 6, '2017-08-21 10:00:00', 3, 3, '09:50:00', '10:50:00', 60),
(154, 6, '2017-08-21 10:00:00', 3, 4, '10:50:00', '11:50:00', 60),
(155, 6, '2017-08-21 10:00:00', 3, 5, '11:50:00', '12:50:00', 60),
(156, 6, '2017-08-21 10:00:00', 3, 6, '12:50:00', '13:50:00', 60),
(157, 6, '2017-08-21 10:00:00', 4, 1, '08:20:00', '08:50:00', 30),
(158, 6, '2017-08-21 10:00:00', 4, 2, '08:50:00', '09:50:00', 60),
(159, 6, '2017-08-21 10:00:00', 4, 3, '09:50:00', '10:50:00', 60),
(160, 6, '2017-08-21 10:00:00', 4, 4, '10:50:00', '11:50:00', 60),
(161, 6, '2017-08-21 10:00:00', 4, 5, '11:50:00', '12:50:00', 60),
(162, 6, '2017-08-21 10:00:00', 4, 6, '12:50:00', '13:50:00', 60),
(163, 6, '2017-08-21 10:00:00', 5, 1, '08:20:00', '08:50:00', 30),
(164, 6, '2017-08-21 10:00:00', 5, 2, '08:50:00', '09:50:00', 60),
(165, 6, '2017-08-21 10:00:00', 5, 3, '09:50:00', '10:50:00', 60),
(166, 6, '2017-08-21 10:00:00', 5, 4, '10:50:00', '11:50:00', 60),
(167, 6, '2017-08-21 10:00:00', 5, 5, '11:50:00', '12:50:00', 60),
(168, 6, '2017-08-21 10:00:00', 5, 6, '12:50:00', '13:50:00', 60),
(169, 6, '2017-08-21 10:00:00', 6, 1, '08:20:00', '08:50:00', 30),
(170, 6, '2017-08-21 10:00:00', 6, 2, '08:50:00', '09:50:00', 60),
(171, 6, '2017-08-21 10:00:00', 6, 3, '09:50:00', '10:50:00', 60),
(172, 6, '2017-08-21 10:00:00', 6, 4, '10:50:00', '11:50:00', 60),
(173, 6, '2017-08-21 10:00:00', 6, 5, '11:50:00', '12:50:00', 60),
(174, 6, '2017-08-21 10:00:00', 6, 6, '12:50:00', '13:50:00', 60);


### UTENTI
INSERT INTO `gs_utente` (`id`, `sede_id`, `classe_id`, `alunno_id`, `modificato`, `username`, `password`, `email`, `token`, `token_creato`, `abilitato`, `nome`, `cognome`, `sesso`, `data_nascita`, `comune_nascita`, `codice_fiscale`, `citta`, `indirizzo`, `numeri_telefono`, `ruolo`, `tipo`, `rappresentante_istituto`, `chiave1`, `chiave2`, `chiave3`, `bes`, `rappresentante_classe`, `rappresentante_consulta`, `autorizza_entrata`, `autorizza_uscita`, `note`, `frequenza_estero`, `religione`, `credito3`, `credito4`, `foto`, `ultimo_accesso`) VALUES
(259, NULL, NULL, NULL, '2017-11-18 11:00:42', 'admin', '$2y$12$PTBNW6Jo0FQaaI5GaGeVGuN5qyjE5xyIngP4r72r7.IIBlph8oY3C', 'admin@noemail.local', NULL, NULL, 1, 'Sito', 'Amministratore', 'M', NULL, NULL, NULL, NULL, NULL, 'a:0:{}', 'AMM', NULL, NULL, NULL, NULL, NULL, NULL, NULL, NULL, NULL, NULL, NULL, NULL, NULL, NULL, NULL, NULL, NULL),
(261, NULL, NULL, NULL, '2017-09-28 12:04:12', 'preside', '$2y$12$PTBNW6Jo0FQaaI5GaGeVGuN5qyjE5xyIngP4r72r7.IIBlph8oY3C', 'preside@noemail.local', NULL, NULL, 1, 'Nome', 'Cognome', 'M', NULL, NULL, NULL, NULL, NULL, 'a:0:{}', 'PRE', NULL, NULL, NULL, NULL, NULL, NULL, NULL, NULL, NULL, NULL, NULL, NULL, NULL, NULL, NULL, NULL, NULL),
(270, NULL, NULL, NULL, '2017-11-09 12:27:11', 'docente1', '$2y$12$PTBNW6Jo0FQaaI5GaGeVGuN5qyjE5xyIngP4r72r7.IIBlph8oY3C', 'docente1@noemail.local', NULL, NULL, 1, 'Mario', 'Turing', 'M', NULL, NULL, NULL, NULL, NULL, 'a:0:{}', 'STA', NULL, 0, NULL, NULL, NULL, NULL, NULL, NULL, NULL, NULL, NULL, NULL, NULL, NULL, NULL, NULL, NULL),
(295, NULL, NULL, NULL, '2017-11-09 12:27:11', 'docente2', '$2y$12$PTBNW6Jo0FQaaI5GaGeVGuN5qyjE5xyIngP4r72r7.IIBlph8oY3C', 'docente2@noemail.local', NULL, NULL, 1, 'Alessandro', 'Manzoni', 'M', NULL, NULL, NULL, NULL, NULL, 'a:0:{}', 'DOC', NULL, 0, NULL, NULL, NULL, NULL, NULL, NULL, NULL, NULL, NULL, NULL, NULL, NULL, NULL, NULL, NULL),
(287, NULL, NULL, NULL, '2017-11-09 12:27:11', 'docente3', '$2y$12$PTBNW6Jo0FQaaI5GaGeVGuN5qyjE5xyIngP4r72r7.IIBlph8oY3C', 'docente3@noemail.local', NULL, NULL, 1, 'Marco', 'Marconi', 'M', NULL, NULL, NULL, NULL, NULL, 'a:0:{}', 'DOC', NULL, 0, NULL, NULL, NULL, NULL, NULL, NULL, NULL, NULL, NULL, NULL, NULL, NULL, NULL, NULL, NULL),
(280, NULL, NULL, NULL, '2017-11-09 12:27:11', 'docente4', '$2y$12$PTBNW6Jo0FQaaI5GaGeVGuN5qyjE5xyIngP4r72r7.IIBlph8oY3C', 'docente4@noemail.local', NULL, NULL, 1, 'Euclide', 'Pitagorico', 'M', NULL, NULL, NULL, NULL, NULL, 'a:0:{}', 'DOC', NULL, 0, NULL, NULL, NULL, NULL, NULL, NULL, NULL, NULL, NULL, NULL, NULL, NULL, NULL, NULL, NULL),
(310, NULL, NULL, NULL, '2017-11-09 12:27:11', 'docente5', '$2y$12$PTBNW6Jo0FQaaI5GaGeVGuN5qyjE5xyIngP4r72r7.IIBlph8oY3C', 'docente5@noemail.local', NULL, NULL, 1, 'Maria', 'Montessori', 'F', NULL, NULL, NULL, NULL, NULL, 'a:0:{}', 'DOC', NULL, 0, NULL, NULL, NULL, NULL, NULL, NULL, NULL, NULL, NULL, NULL, NULL, NULL, NULL, NULL, NULL),
(1804, NULL, 54, NULL, '2017-11-12 12:28:14', 'alunno1.s1', 'NOPASSWORD', 'alunno1.s1@noemail.local', NULL, NULL, 1, 'Mario', 'Rossi', 'M', '2000-02-02', 'Roma', 'CODICE-01', 'Milano', 'Via Marmotte 23', 'a:0:{}', 'ALU', NULL, 0, NULL, NULL, NULL, 'H', 0, 0, NULL, NULL, NULL, 0, 'S', 6, 7, NULL, NULL),
(1805, NULL, NULL, 1804, '2017-09-20 20:17:37', 'alunno1.f1', '$2y$12$PTBNW6Jo0FQaaI5GaGeVGuN5qyjE5xyIngP4r72r7.IIBlph8oY3C', 'alunno1.f1@noemail.local', NULL, NULL, 1, 'Mario', 'Rossi', 'M', NULL, NULL, NULL, NULL, NULL, 'a:0:{}', 'GEN', NULL, 0, NULL, NULL, NULL, NULL, 0, NULL, NULL, NULL, NULL, NULL, NULL, NULL, NULL, NULL, NULL),
(640, NULL, 54, NULL, '2017-11-12 12:28:14', 'alunno2.s1', 'NOPASSWORD', 'alunno2.s1@noemail.local', NULL, NULL, 1, 'Giuseppe', 'Mazzini', 'M', '2000-01-01', 'Milano', 'CODICE-02', 'Bergamo', 'Via Nazionale 123', 'a:0:{}', 'ALU', NULL, 0, NULL, NULL, NULL, 'N', 0, 0, NULL, NULL, NULL, 0, 'S', 6, 6, NULL, NULL),
(641, NULL, NULL, 640, '2017-09-20 20:17:37', 'alunno2.f1', '$2y$12$PTBNW6Jo0FQaaI5GaGeVGuN5qyjE5xyIngP4r72r7.IIBlph8oY3C', 'alunno2.f1@noemail.local', NULL, NULL, 1, 'Giuseppe', 'Mazzini', 'M', NULL, NULL, NULL, NULL, NULL, 'a:0:{}', 'GEN', NULL, 0, NULL, NULL, NULL, NULL, 0, NULL, NULL, NULL, NULL, NULL, NULL, NULL, NULL, NULL, NULL),
(2360, NULL, 54, NULL, '2017-11-12 12:28:14', 'alunno3.s1', 'NOPASSWORD', 'alunno3.s1@noemail.local', NULL, NULL, 1, 'Marta', 'Marzotto', 'F', '1998-01-01', 'Torino', 'CODICE-03', 'Milano', 'Viale dei Tigli 3', 'a:0:{}', 'ALU', NULL, 0, NULL, NULL, NULL, 'N', 0, 0, NULL, NULL, NULL, 0, 'S', 6, 6, NULL, NULL),
(2361, NULL, NULL, 2360, '2017-09-20 20:17:37', 'alunno3.f1', '$2y$12$PTBNW6Jo0FQaaI5GaGeVGuN5qyjE5xyIngP4r72r7.IIBlph8oY3C', 'alunno3.f1@noemail.local', NULL, NULL, 1, 'Marta', 'Marzotto', 'F', NULL, NULL, NULL, NULL, NULL, 'a:0:{}', 'GEN', NULL, 0, NULL, NULL, NULL, NULL, 0, NULL, NULL, NULL, NULL, NULL, NULL, NULL, NULL, NULL, NULL);

### CATTEDRE
INSERT INTO `gs_cattedra` (`id`, `materia_id`, `docente_id`, `classe_id`, `alunno_id`, `modificato`, `attiva`, `supplenza`, `tipo`) VALUES
(41, 12, 270, 54, NULL, '2017-09-19 18:29:28', 1, 0, 'N'),
(42, 28, 270, 54, NULL, '2017-09-19 18:29:28', 1, 0, 'N'),
(172, 14, 295, 54, NULL, '2017-09-19 18:35:53', 1, 0, 'N'),
(173, 25, 295, 54, NULL, '2017-09-19 18:35:53', 1, 0, 'N'),
(128, 12, 287, 54, NULL, '2017-09-19 18:35:50', 1, 0, 'I'),
(129, 28, 287, 54, NULL, '2017-09-19 18:35:50', 1, 0, 'I'),
(91, 16, 280, 54, NULL, '2017-09-19 18:29:31', 1, 0, 'N'),
(837, 33, 310, 54, 1804, '2017-10-16 17:28:02', 1, 0, 'S');

